Species;Site_name;Habitat_type;Sample_location;Sun_irradiance;Plant_height;SLA;Leaf_area;LDMC
Cheilanthes_austrotenuifolia;Mount_Frankland;shrubland;granite_outcrop;exposed;0.15;5.91;230.48;840.52
Cheilanthes_austrotenuifolia;Mount_Frankland;herbfield;granite_outcrop;sheltered;0.25;9.03;186.06;762.96
Cheilanthes_austrotenuifolia;Mount_Frankland;shrubland;granite_outcrop;sheltered;0.35;9.08;446.64;771.16
Cheilanthes_austrotenuifolia;Mount_Frankland;shrubland;granite_outcrop;sheltered;0.15;9.81;156.98;769.23
Cheilanthes_austrotenuifolia;Mount_Frankland;shrubland;granite_outcrop;sheltered;0.2;10.5;382.34;777.78
Cheilanthes_austrotenuifolia;Mount_Frankland;shrubland;granite_outcrop;exposed;0.2;10.59;298.59;844.31
Cheilanthes_austrotenuifolia;Mount_Frankland;herbfield;granite_outcrop;exposed;0.1;10.18;122.13;800
Cheilanthes_austrotenuifolia;Mount_Frankland;herbfield;granite_outcrop;sheltered;0.3;11.61;765.98;783.85
Cheilanthes_austrotenuifolia;Mount_Frankland;herbfield;granite_outcrop;sheltered;0.25;10.02;492.88;848.28
Cheilanthes_austrotenuifolia;Mount_Frankland;herbfield;granite_outcrop;sheltered;0.3;9.66;616.28;817.95
Corymbia_calophylla;Mount_Frankland;woodland;granite_outcrop;sheltered;30;5.87;5428.79;823.31
Corymbia_calophylla;Mount_Frankland;woodland;granite_outcrop;sheltered;28;7.37;5260.1;689.28
Corymbia_calophylla;Mount_Frankland;woodland;granite_outcrop;sheltered;29;8.16;4311.44;725.5
Corymbia_calophylla;Mount_Frankland;woodland;granite_outcrop;sheltered;29;7.65;2370.5;704.23
Corymbia_calophylla;Mount_Frankland;woodland;granite_outcrop;sheltered;16;7.18;4603.14;732.3
Corymbia_calophylla;Mount_Frankland;woodland;granite_outcrop;sheltered;27;10.45;3583.61;492.25
Corymbia_calophylla;Mount_Frankland;woodland;granite_outcrop;sheltered;32;7.64;5381.17;650.41
Corymbia_calophylla;Mount_Frankland;woodland;granite_outcrop;sheltered;30;7.13;5071.45;724.2
Corymbia_calophylla;Mount_Frankland;woodland;granite_outcrop;sheltered;17;7.62;3692.84;709.1
Corymbia_calophylla;Mount_Frankland;woodland;granite_outcrop;sheltered;30;6.38;4394.71;784.28
Eucalyptus_megacarpa;Mount_Frankland;shrubland;granite_outcrop;exposed;2.9;3.61;3390.18;835.91
Eucalyptus_megacarpa;Mount_Frankland;shrubland;granite_outcrop;exposed;4.8;3.48;3263.04;824.54
Eucalyptus_megacarpa;Mount_Frankland;shrubland;granite_outcrop;exposed;4;3.01;2593.11;823.32
Eucalyptus_megacarpa;Mount_Frankland;shrubland;granite_outcrop;exposed;7;2.81;2365.92;850.98
Eucalyptus_megacarpa;Mount_Frankland;shrubland;granite_outcrop;sheltered;6.3;3.64;2833.18;847.54
Eucalyptus_megacarpa;Mount_Frankland;shrubland;granite_outcrop;sheltered;5.5;3.04;3022.16;857.32
Eucalyptus_megacarpa;Mount_Frankland;shrubland;granite_outcrop;sheltered;7;3.07;3531.77;833.5
Eucalyptus_megacarpa;Mount_Frankland;shrubland;granite_outcrop;exposed;3;3.6;2794.65;795.94
Eucalyptus_megacarpa;Mount_Frankland;shrubland;granite_outcrop;sheltered;7.5;3.56;2418.06;866.68
Eucalyptus_megacarpa;Mount_Frankland;shrubland;granite_outcrop;exposed;4;3.57;2065.12;872.06
Eutaxia_sp;Mount_Frankland;shrubland;granite_outcrop;sheltered;1.8;9.55;78.29;694.92
Eutaxia_sp;Mount_Frankland;shrubland;granite_outcrop;exposed;1.1;5.85;68.98;808.22
Eutaxia_sp;Mount_Frankland;shrubland;granite_outcrop;sheltered;1.5;8.57;157.68;471.79
Eutaxia_sp;Mount_Frankland;shrubland;granite_outcrop;sheltered;1.3;5.49;62.62;740.26
Eutaxia_sp;Mount_Frankland;shrubland;granite_outcrop;sheltered;1.5;9.07;58.05;744.19
Eutaxia_sp;Mount_Frankland;shrubland;granite_outcrop;sheltered;2.5;7.59;36.44;600
Eutaxia_sp;Mount_Frankland;shrubland;granite_outcrop;exposed;0.7;7.18;60.34;711.86
Eutaxia_sp;Mount_Frankland;shrubland;granite_outcrop;sheltered;1.2;6.71;83.18;607.84
Eutaxia_sp;Mount_Frankland;shrubland;granite_outcrop;exposed;1.2;7.27;56.71;557.14
Eutaxia_sp;Mount_Frankland;shrubland;granite_outcrop;exposed;1;5.74;64.33;666.67
Stypandra_glauca;Mount_Frankland;shrubland;granite_outcrop;exposed;0.5;14.23;199.22;813.95
Stypandra_glauca;Mount_Frankland;shrubland;granite_outcrop;exposed;0.75;7.76;176.99;750
Stypandra_glauca;Mount_Frankland;shrubland;granite_outcrop;sheltered;1.1;10.74;371.74;714.88
Stypandra_glauca;Mount_Frankland;shrubland;granite_outcrop;exposed;1;15.47;346.5;772.41
Stypandra_glauca;Mount_Frankland;shrubland;granite_outcrop;exposed;0.7;7.99;214.26;832.3
Stypandra_glauca;Mount_Frankland;shrubland;granite_outcrop;exposed;0.7;10;281.88;671.43
Stypandra_glauca;Mount_Frankland;shrubland;granite_outcrop;exposed;0.5;7.59;69.83;686.57
Stypandra_glauca;Mount_Frankland;shrubland;granite_outcrop;exposed;1.2;11.89;273.48;777.03
Stypandra_glauca;Mount_Frankland;shrubland;granite_outcrop;exposed;0.6;15.08;337.72;788.73
Stypandra_glauca;Mount_Frankland;shrubland;granite_outcrop;exposed;1;10.27;256.83;739.64
Trymalium_odoratissimum;Mount_Frankland;woodland;granite_outcrop;sheltered;7;20.72;2018.36;564.31
Trymalium_odoratissimum;Mount_Frankland;woodland;granite_outcrop;sheltered;10;15.82;2816.71;818.77
Trymalium_odoratissimum;Mount_Frankland;woodland;granite_outcrop;sheltered;7.5;13.5;1836.55;758.08
Trymalium_odoratissimum;Mount_Frankland;woodland;granite_outcrop;sheltered;7;11.26;2494.44;820.74
Trymalium_odoratissimum;Mount_Frankland;woodland;granite_outcrop;sheltered;8;22.62;1700.75;673.84
Trymalium_odoratissimum;Mount_Frankland;woodland;granite_outcrop;sheltered;8;22.96;1377.87;625
Trymalium_odoratissimum;Mount_Frankland;woodland;granite_outcrop;sheltered;9;20.73;1293.7;576.71
Trymalium_odoratissimum;Mount_Frankland;woodland;granite_outcrop;sheltered;10;28.32;2067.3;807.52
Trymalium_odoratissimum;Mount_Frankland;woodland;granite_outcrop;sheltered;8;25.09;928.22;745.97
Trymalium_odoratissimum;Mount_Frankland;woodland;granite_outcrop;sheltered;9;24.05;957.33;713.26
Cheilanthes_austrotenuifolia;Mount_Cooke;herbfield;granite_outcrop;sheltered;0.08;10.56;101.35;872.73
Cheilanthes_austrotenuifolia;Mount_Cooke;herbfield;granite_outcrop;exposed;0.12;6.37;126.21;712.23
Cheilanthes_austrotenuifolia;Mount_Cooke;shrubland;granite_outcrop;sheltered;0.3;23.42;772.94;629.77
Cheilanthes_austrotenuifolia;Mount_Cooke;herbfield;granite_outcrop;exposed;0.2;5.47;158.54;517.86
Cheilanthes_austrotenuifolia;Mount_Cooke;herbfield;granite_outcrop;exposed;0.18;5.68;55.71;924.53
Cheilanthes_austrotenuifolia;Mount_Cooke;shrubland;granite_outcrop;exposed;0.2;7.12;263.51;558.91
Cheilanthes_austrotenuifolia;Mount_Cooke;herbfield;granite_outcrop;sheltered;0.12;15.38;70.77;766.67
Cheilanthes_austrotenuifolia;Mount_Cooke;herbfield;granite_outcrop;exposed;0.15;6.23;197.97;791.04
Cheilanthes_austrotenuifolia;Mount_Cooke;herbfield;granite_outcrop;sheltered;0.15;6.9;184.84;708.99
Cheilanthes_austrotenuifolia;Mount_Cooke;shrubland;granite_outcrop;exposed;0.16;8.19;208.11;557.02
Cheilanthes_austrotenuifolia;Mount_Cooke;shrubland;granite_outcrop;sheltered;0.3;6.77;372.15;719.9
Corymbia_calophylla;Mount_Cooke;woodland;granite_outcrop;sheltered;11.5;6.8;4449.64;614.95
Corymbia_calophylla;Mount_Cooke;woodland;granite_outcrop;sheltered;14;6.06;5141.92;677.9
Corymbia_calophylla;Mount_Cooke;woodland;granite_outcrop;sheltered;14;5.89;6209.47;651.01
Corymbia_calophylla;Mount_Cooke;woodland;granite_outcrop;sheltered;11;6.57;3559.75;559.32
Corymbia_calophylla;Mount_Cooke;woodland;granite_outcrop;sheltered;15;5.98;6142.77;583.6
Corymbia_calophylla;Mount_Cooke;woodland;granite_outcrop;sheltered;12;6.64;4470.66;590.94
Corymbia_calophylla;Mount_Cooke;woodland;granite_outcrop;sheltered;13;6.02;3778.53;627.02
Corymbia_calophylla;Mount_Cooke;woodland;granite_outcrop;sheltered;15;6.34;5760.55;570.91
Corymbia_calophylla;Mount_Cooke;woodland;granite_outcrop;sheltered;21;6.94;4491.91;599.07
Corymbia_calophylla;Mount_Cooke;woodland;granite_outcrop;sheltered;15;6.85;4876.96;623.47
Eucalyptus_wandoo;Mount_Cooke;woodland;granite_outcrop;sheltered;11;3.33;2027.02;703.23
Eucalyptus_wandoo;Mount_Cooke;woodland;granite_outcrop;sheltered;12;4.69;2608.69;758.52
Eucalyptus_wandoo;Mount_Cooke;woodland;granite_outcrop;sheltered;14;5.1;1625.61;601.59
Eucalyptus_wandoo;Mount_Cooke;woodland;granite_outcrop;sheltered;9;3.94;1984.79;844.86
Eucalyptus_wandoo;Mount_Cooke;woodland;granite_outcrop;sheltered;18;3.39;1701.14;686.63
Eucalyptus_wandoo;Mount_Cooke;woodland;granite_outcrop;sheltered;15;4.39;4697.48;646.03
Eucalyptus_wandoo;Mount_Cooke;woodland;granite_outcrop;sheltered;7;4.58;2865.79;829.93
Eucalyptus_wandoo;Mount_Cooke;woodland;granite_outcrop;sheltered;13;5.92;2308.93;658.12
Eucalyptus_wandoo;Mount_Cooke;woodland;granite_outcrop;sheltered;11;5.38;2528.89;777.56
Eucalyptus_wandoo;Mount_Cooke;woodland;granite_outcrop;sheltered;13;4.37;1973.45;654.21
Hakea_petiolaris;Mount_Cooke;shrubland;granite_outcrop;exposed;2.6;3.83;2217.3;762.77
Hakea_petiolaris;Mount_Cooke;shrubland;granite_outcrop;exposed;1.8;3.18;1920.09;756.95
Hakea_petiolaris;Mount_Cooke;shrubland;granite_outcrop;exposed;2.6;3.33;1814.73;742.44
Hakea_petiolaris;Mount_Cooke;shrubland;granite_outcrop;exposed;2;3.6;1900.41;670.99
Hakea_petiolaris;Mount_Cooke;shrubland;granite_outcrop;sheltered;3;3.35;1963.7;760.25
Hakea_petiolaris;Mount_Cooke;shrubland;granite_outcrop;exposed;1.9;2.8;1150.17;778.58
Hakea_petiolaris;Mount_Cooke;shrubland;granite_outcrop;exposed;1.9;2.96;1645.72;725.09
Hakea_petiolaris;Mount_Cooke;shrubland;granite_outcrop;sheltered;2.7;3.18;1933.36;749.01
Hakea_petiolaris;Mount_Cooke;shrubland;granite_outcrop;exposed;2.5;2.93;2254.53;770.67
Hakea_petiolaris;Mount_Cooke;shrubland;granite_outcrop;exposed;2.4;3.26;1878.47;693.59
Hemiandra_sp;Mount_Cooke;shrubland;granite_outcrop;exposed;1.5;4.23;235.05;850.15
Hemiandra_sp;Mount_Cooke;shrubland;granite_outcrop;sheltered;1.5;5.49;219.64;881.06
Hemiandra_sp;Mount_Cooke;shrubland;granite_outcrop;exposed;1;3.95;356.27;849.34
Hemiandra_sp;Mount_Cooke;shrubland;granite_outcrop;sheltered;1.6;4.41;323.97;830.32
Hemiandra_sp;Mount_Cooke;shrubland;granite_outcrop;sheltered;1.3;4.67;258.92;839.39
Hemiandra_sp;Mount_Cooke;shrubland;granite_outcrop;sheltered;1.4;3.32;230.98;846.72
Hemiandra_sp;Mount_Cooke;shrubland;granite_outcrop;sheltered;1.2;4.2;306.83;809.31
Hemiandra_sp;Mount_Cooke;shrubland;granite_outcrop;exposed;1.5;3.44;269.19;851.85
Hemiandra_sp;Mount_Cooke;shrubland;granite_outcrop;exposed;1.2;4.14;314.5;842.57
Hemiandra_sp;Mount_Cooke;shrubland;granite_outcrop;exposed;1.4;4.11;267;697.42
Stypandra_glauca;Mount_Cooke;shrubland;granite_outcrop;exposed;0.9;8.76;422.22;762.66
Stypandra_glauca;Mount_Cooke;shrubland;granite_outcrop;exposed;1;10.99;452.69;651.9
Stypandra_glauca;Mount_Cooke;shrubland;granite_outcrop;exposed;1.05;8.16;669.09;564.74
Stypandra_glauca;Mount_Cooke;shrubland;granite_outcrop;exposed;1;8.71;466.7;590.31
Stypandra_glauca;Mount_Cooke;shrubland;granite_outcrop;sheltered;1.1;9.19;476.3;750.72
Stypandra_glauca;Mount_Cooke;shrubland;granite_outcrop;sheltered;1.2;7.45;318.89;706.27
Stypandra_glauca;Mount_Cooke;shrubland;granite_outcrop;exposed;0.8;7.04;415.17;760.31
Stypandra_glauca;Mount_Cooke;herbfield;granite_outcrop;exposed;0.65;8.72;224.95;668.39
Stypandra_glauca;Mount_Cooke;shrubland;granite_outcrop;sheltered;0.8;13.14;275.89;504.81
Stypandra_glauca;Mount_Cooke;shrubland;granite_outcrop;sheltered;1;10.16;500.06;597.09
Cheilanthes_austrotenuifolia;Porongurup;herbfield;granite_outcrop;exposed;0.2;8.18;85.06;641.98
Cheilanthes_austrotenuifolia;Porongurup;herbfield;granite_outcrop;sheltered;0.2;9.16;258.29;792.13
Cheilanthes_austrotenuifolia;Porongurup;shrubland;granite_outcrop;exposed;0.18;9.12;233.56;820.51
Cheilanthes_austrotenuifolia;Porongurup;shrubland;granite_outcrop;sheltered;0.15;11.13;311.61;828.4
Cheilanthes_austrotenuifolia;Porongurup;shrubland;granite_outcrop;exposed;0.12;9.03;126.47;823.53
Cheilanthes_austrotenuifolia;Porongurup;herbfield;granite_outcrop;exposed;0.05;6.74;86.3;646.46
Cheilanthes_austrotenuifolia;Porongurup;shrubland;granite_outcrop;exposed;0.1;7.15;184.44;786.59
Cheilanthes_austrotenuifolia;Porongurup;herbfield;granite_outcrop;exposed;0.15;7.93;233.15;830.51
Cheilanthes_austrotenuifolia;Porongurup;shrubland;granite_outcrop;sheltered;0.1;11.49;186.06;861.7
Cheilanthes_austrotenuifolia;Porongurup;shrubland;granite_outcrop;sheltered;0.25;10.08;415.45;741.01
Corymbia_calophylla;Porongurup;woodland;granite_outcrop;sheltered;13;6.08;4062.86;815.47
Corymbia_calophylla;Porongurup;woodland;granite_outcrop;sheltered;22;6.29;5671.38;826.03
Corymbia_calophylla;Porongurup;woodland;granite_outcrop;sheltered;14;8;4753.21;756.11
Corymbia_calophylla;Porongurup;woodland;granite_outcrop;sheltered;16.5;6.82;3477.87;768.61
Corymbia_calophylla;Porongurup;woodland;granite_outcrop;sheltered;18;7.85;6410.06;694.57
Corymbia_calophylla;Porongurup;woodland;granite_outcrop;sheltered;20;6.96;5472.31;715.3
Corymbia_calophylla;Porongurup;woodland;granite_outcrop;sheltered;30;6.31;6954.11;835.79
Corymbia_calophylla;Porongurup;woodland;granite_outcrop;sheltered;17;6.55;7645.81;794.34
Corymbia_calophylla;Porongurup;woodland;granite_outcrop;sheltered;13;6.98;4152.89;701.18
Corymbia_calophylla;Porongurup;woodland;granite_outcrop;sheltered;18;6.78;5263.37;719.1
Eucalyptus_megacarpa;Porongurup;shrubland;granite_outcrop;sheltered;5.5;4;1993.72;860.5
Eucalyptus_megacarpa;Porongurup;shrubland;granite_outcrop;sheltered;7;4.49;1760.87;865.08
Eucalyptus_megacarpa;Porongurup;shrubland;granite_outcrop;sheltered;5.5;3.94;2032.32;887.7
Eucalyptus_megacarpa;Porongurup;shrubland;granite_outcrop;sheltered;5;4.42;933.2;885.07
Eucalyptus_megacarpa;Porongurup;shrubland;granite_outcrop;sheltered;4.5;3.73;2039.08;881.37
Eucalyptus_megacarpa;Porongurup;shrubland;granite_outcrop;sheltered;5;4.79;2936.9;884.88
Eucalyptus_megacarpa;Porongurup;shrubland;granite_outcrop;sheltered;8.5;4.24;1916.44;884.54
Eucalyptus_megacarpa;Porongurup;shrubland;granite_outcrop;sheltered;6;4.07;2568.55;869.77
Eucalyptus_megacarpa;Porongurup;shrubland;granite_outcrop;sheltered;5;4.25;2274.89;869.11
Eucalyptus_megacarpa;Porongurup;shrubland;granite_outcrop;sheltered;4.5;4.02;2000.39;866.46
Eutaxia_sp;Porongurup;shrubland;granite_outcrop;exposed;1.1;5.58;52.43;746.03
Eutaxia_sp;Porongurup;shrubland;granite_outcrop;sheltered;1.2;8.72;61.02;636.36
Eutaxia_sp;Porongurup;shrubland;granite_outcrop;sheltered;2.3;10.73;57.94;692.31
Eutaxia_sp;Porongurup;shrubland;granite_outcrop;exposed;1.8;7.5;43.47;557.69
Eutaxia_sp;Porongurup;shrubland;granite_outcrop;sheltered;2;7.05;38.09;586.96
Eutaxia_sp;Porongurup;shrubland;granite_outcrop;sheltered;2.1;6.9;34.5;862.07
Eutaxia_sp;Porongurup;shrubland;granite_outcrop;sheltered;1.7;10.23;44.99;611.11
Eutaxia_sp;Porongurup;shrubland;granite_outcrop;sheltered;1.5;8.12;37.37;657.14
Eutaxia_sp;Porongurup;shrubland;granite_outcrop;exposed;1.5;9.68;30.99;615.38
Eutaxia_sp;Porongurup;shrubland;granite_outcrop;exposed;1.4;7.84;72.1;605.26
Stypandra_glauca;Porongurup;shrubland;granite_outcrop;exposed;0.9;11.99;326.1;781.61
Stypandra_glauca;Porongurup;herbfield;granite_outcrop;exposed;1;9.68;106.44;723.68
Stypandra_glauca;Porongurup;shrubland;granite_outcrop;sheltered;0.9;10.99;329.58;806.45
Stypandra_glauca;Porongurup;shrubland;granite_outcrop;exposed;1;8.77;705.46;851.69
Stypandra_glauca;Porongurup;shrubland;granite_outcrop;sheltered;0.8;15.08;223.22;747.47
Stypandra_glauca;Porongurup;herbfield;granite_outcrop;exposed;0.4;16.28;345.2;779.41
Stypandra_glauca;Porongurup;shrubland;granite_outcrop;sheltered;0.5;11.6;125.23;857.14
Stypandra_glauca;Porongurup;shrubland;granite_outcrop;sheltered;1;14.33;1123.65;643.68
Stypandra_glauca;Porongurup;shrubland;granite_outcrop;sheltered;1.8;16.3;303.24;750
Stypandra_glauca;Porongurup;shrubland;granite_outcrop;exposed;1;15.93;264.45;597.12
Trymalium_odoratissimum;Porongurup;woodland;granite_outcrop;sheltered;4;11.59;2212.32;791.04
Trymalium_odoratissimum;Porongurup;woodland;granite_outcrop;sheltered;4.5;16.58;1952.81;567.44
Trymalium_odoratissimum;Porongurup;woodland;granite_outcrop;sheltered;4.5;17.94;2170.44;746.91
Trymalium_odoratissimum;Porongurup;woodland;granite_outcrop;sheltered;3.5;11.75;2330.96;744.74
Trymalium_odoratissimum;Porongurup;woodland;granite_outcrop;sheltered;7;13.52;1095.07;665.02
Trymalium_odoratissimum;Porongurup;woodland;granite_outcrop;sheltered;5.5;12.27;1948.44;575.78
Trymalium_odoratissimum;Porongurup;woodland;granite_outcrop;sheltered;4;11.28;1904.73;758.31
Trymalium_odoratissimum;Porongurup;woodland;granite_outcrop;sheltered;4.5;11.76;2455.34;769.34
Trymalium_odoratissimum;Porongurup;woodland;granite_outcrop;sheltered;6;8.94;3229.02;744.33
Trymalium_odoratissimum;Porongurup;woodland;granite_outcrop;sheltered;5.5;14.94;1592.45;616.18
Corymbia_calophylla;Porongurup;woodland;landscape_matrix;sheltered;20;5.5;4910.06;866.49
Corymbia_calophylla;Porongurup;woodland;landscape_matrix;sheltered;13;5.84;5592.47;672.99
Corymbia_calophylla;Porongurup;woodland;landscape_matrix;sheltered;16;5.9;3055.79;623.01
Corymbia_calophylla;Porongurup;woodland;landscape_matrix;sheltered;17;5.51;3499.1;571.45
Corymbia_calophylla;Porongurup;woodland;landscape_matrix;sheltered;11;7.52;4676.14;794.43
Corymbia_calophylla;Porongurup;woodland;landscape_matrix;sheltered;10;4.66;5598.75;819.27
Corymbia_calophylla;Porongurup;woodland;landscape_matrix;sheltered;18;5.83;2898.35;775.04
Corymbia_calophylla;Porongurup;woodland;landscape_matrix;sheltered;20;6.9;3346.52;827.59
Corymbia_calophylla;Porongurup;woodland;landscape_matrix;sheltered;18;5.12;4116.95;752.76
Corymbia_calophylla;Porongurup;woodland;landscape_matrix;sheltered;16;5.91;4095.88;847.23
Eucalyptus_marginata;Porongurup;woodland;landscape_matrix;sheltered;17;5.45;2075;806.52
Eucalyptus_marginata;Porongurup;woodland;landscape_matrix;sheltered;20;4.32;2719.12;833.6
Eucalyptus_marginata;Porongurup;woodland;landscape_matrix;sheltered;16;5.43;2238.57;785.82
Eucalyptus_marginata;Porongurup;woodland;landscape_matrix;sheltered;15;5.14;2201.04;866.45
Eucalyptus_marginata;Porongurup;woodland;landscape_matrix;sheltered;11;5.74;2444.59;839.18
Eucalyptus_marginata;Porongurup;woodland;landscape_matrix;sheltered;13;6.19;2418.46;839.28
Eucalyptus_marginata;Porongurup;woodland;landscape_matrix;sheltered;20;4.59;2416.57;880.86
Eucalyptus_marginata;Porongurup;woodland;landscape_matrix;sheltered;22;5.88;1184.7;865.98
Eucalyptus_marginata;Porongurup;woodland;landscape_matrix;sheltered;14;5.81;1923.38;704.86
Eucalyptus_marginata;Porongurup;woodland;landscape_matrix;sheltered;18;6.73;1657.44;735.36
Cheilanthes_austrotenuifolia;Boyagin_Rock;shrubland;granite_outcrop;sheltered;0.2;23.55;89.5;558.82
Cheilanthes_austrotenuifolia;Boyagin_Rock;shrubland;granite_outcrop;sheltered;0.15;20.96;205.39;597.56
Cheilanthes_austrotenuifolia;Boyagin_Rock;shrubland;granite_outcrop;sheltered;0.25;17.49;171.42;710.14
Cheilanthes_austrotenuifolia;Boyagin_Rock;shrubland;granite_outcrop;sheltered;0.15;23.84;200.28;636.36
Cheilanthes_austrotenuifolia;Boyagin_Rock;woodland;granite_outcrop;sheltered;0.2;27.7;210.49;775.51
Cheilanthes_austrotenuifolia;Boyagin_Rock;shrubland;granite_outcrop;sheltered;0.12;40.53;145.9;529.41
Cheilanthes_austrotenuifolia;Boyagin_Rock;shrubland;granite_outcrop;sheltered;0.2;16.91;263.76;426.23
Cheilanthes_austrotenuifolia;Boyagin_Rock;shrubland;granite_outcrop;sheltered;0.25;14.12;163.84;743.59
Cheilanthes_austrotenuifolia;Boyagin_Rock;shrubland;granite_outcrop;sheltered;0.2;16.74;522.4;539.79
Cheilanthes_austrotenuifolia;Boyagin_Rock;shrubland;granite_outcrop;sheltered;0.12;21.3;132.06;704.55
Corymbia_calophylla;Boyagin_Rock;woodland;granite_outcrop;sheltered;27;6.38;3443.29;628.93
Corymbia_calophylla;Boyagin_Rock;woodland;granite_outcrop;sheltered;29;6.42;3106.28;581.35
Corymbia_calophylla;Boyagin_Rock;woodland;granite_outcrop;sheltered;27;6.93;4820.11;553.13
Corymbia_calophylla;Boyagin_Rock;woodland;granite_outcrop;sheltered;26;6.52;5933.91;614.89
Corymbia_calophylla;Boyagin_Rock;woodland;granite_outcrop;sheltered;30;6.9;3728.61;594.63
Corymbia_calophylla;Boyagin_Rock;woodland;granite_outcrop;sheltered;25;6.52;5937.39;574.47
Corymbia_calophylla;Boyagin_Rock;woodland;granite_outcrop;sheltered;36;6.72;7473.14;586.2
Corymbia_calophylla;Boyagin_Rock;woodland;granite_outcrop;sheltered;17;6.95;4684.49;613.51
Corymbia_calophylla;Boyagin_Rock;woodland;granite_outcrop;sheltered;32;10.33;4595.63;540.07
Corymbia_calophylla;Boyagin_Rock;woodland;granite_outcrop;sheltered;32;7;5806.23;607.11
Corymbia_calophylla;Boyagin_Rock;woodland;granite_outcrop;sheltered;NA;7.17;8109.78;580.36
Eucalyptus_caesia;Boyagin_Rock;shrubland;granite_outcrop;sheltered;3.6;4.01;1177.71;668.64
Eucalyptus_caesia;Boyagin_Rock;shrubland;granite_outcrop;exposed;4.1;3.9;1762.98;656.79
Eucalyptus_caesia;Boyagin_Rock;shrubland;granite_outcrop;exposed;5;3.73;1329.22;593.47
Eucalyptus_caesia;Boyagin_Rock;shrubland;granite_outcrop;sheltered;3.8;4.03;1051.17;657.42
Eucalyptus_caesia;Boyagin_Rock;shrubland;granite_outcrop;exposed;4.2;4.59;994.95;580.52
Eucalyptus_caesia;Boyagin_Rock;shrubland;granite_outcrop;exposed;2.5;4.14;1337.08;659.45
Eucalyptus_caesia;Boyagin_Rock;shrubland;granite_outcrop;exposed;3.1;3.13;1338.87;673.07
Eucalyptus_caesia;Boyagin_Rock;shrubland;granite_outcrop;exposed;4.5;3.7;1582.7;650.43
Eucalyptus_caesia;Boyagin_Rock;shrubland;granite_outcrop;exposed;5.5;3.41;1186.98;617.46
Eucalyptus_caesia;Boyagin_Rock;shrubland;granite_outcrop;sheltered;5.6;3.46;1243.45;637.72
Eucalyptus_marginata;Boyagin_Rock;woodland;granite_outcrop;sheltered;7;7.33;2353.14;552.31
Eucalyptus_marginata;Boyagin_Rock;woodland;granite_outcrop;sheltered;2.8;5.79;3712.39;815.11
Eucalyptus_marginata;Boyagin_Rock;woodland;granite_outcrop;sheltered;15;26.41;5984.47;596
Eucalyptus_marginata;Boyagin_Rock;woodland;granite_outcrop;sheltered;17;6.18;3362.89;643.8
Eucalyptus_marginata;Boyagin_Rock;woodland;granite_outcrop;sheltered;27;5.98;2554.13;532.82
Eucalyptus_marginata;Boyagin_Rock;woodland;granite_outcrop;sheltered;15;6.1;2809.55;749.92
Eucalyptus_marginata;Boyagin_Rock;woodland;granite_outcrop;sheltered;19;5.56;3531.87;557.72
Eucalyptus_marginata;Boyagin_Rock;woodland;granite_outcrop;sheltered;23;6.86;2764.28;603.05
Eucalyptus_marginata;Boyagin_Rock;woodland;granite_outcrop;sheltered;12;6.15;2476.81;583.89
Eucalyptus_marginata;Boyagin_Rock;woodland;granite_outcrop;sheltered;17;7.34;2127.07;577.75
Hakea_petiolaris;Boyagin_Rock;shrubland;granite_outcrop;sheltered;3.1;3.8;3155.06;764.91
Hakea_petiolaris;Boyagin_Rock;shrubland;granite_outcrop;sheltered;3.8;3.93;2347.4;733.43
Hakea_petiolaris;Boyagin_Rock;shrubland;granite_outcrop;sheltered;2.9;4.25;1820.22;707.2
Hakea_petiolaris;Boyagin_Rock;shrubland;granite_outcrop;exposed;2.3;2.96;2087.2;877.52
Hakea_petiolaris;Boyagin_Rock;shrubland;granite_outcrop;exposed;1.3;3.25;2350.26;750.31
Hakea_petiolaris;Boyagin_Rock;shrubland;granite_outcrop;sheltered;2.2;3.06;2931.77;780.11
Hakea_petiolaris;Boyagin_Rock;shrubland;granite_outcrop;exposed;1.7;3.31;1714.16;883.09
Hakea_petiolaris;Boyagin_Rock;shrubland;granite_outcrop;exposed;1.4;2.98;1774.92;766.16
Hakea_petiolaris;Boyagin_Rock;shrubland;granite_outcrop;exposed;2;2.84;2208.32;738.19
Hakea_petiolaris;Boyagin_Rock;shrubland;granite_outcrop;exposed;2.9;3.23;1481.31;707.5
Kunzea_pulchella;Boyagin_Rock;shrubland;granite_outcrop;exposed;0.9;4.08;81.59;847.46
Kunzea_pulchella;Boyagin_Rock;shrubland;granite_outcrop;exposed;1.7;5.56;72.25;855.26
Kunzea_pulchella;Boyagin_Rock;shrubland;granite_outcrop;exposed;1.5;3.91;60.96;829.79
Kunzea_pulchella;Boyagin_Rock;shrubland;granite_outcrop;sheltered;2.3;3.86;66.31;811.32
Kunzea_pulchella;Boyagin_Rock;shrubland;granite_outcrop;exposed;1.9;6.1;65.91;931.03
Kunzea_pulchella;Boyagin_Rock;shrubland;granite_outcrop;sheltered;3.8;4.34;104.08;857.14
Kunzea_pulchella;Boyagin_Rock;shrubland;granite_outcrop;exposed;2;5.7;69.59;782.05
Kunzea_pulchella;Boyagin_Rock;shrubland;granite_outcrop;sheltered;2;5.19;66.4;703.3
Kunzea_pulchella;Boyagin_Rock;shrubland;granite_outcrop;sheltered;2.8;5.75;86.27;824.18
Kunzea_pulchella;Boyagin_Rock;shrubland;granite_outcrop;sheltered;3.1;5.49;71.33;691.49
Stypandra_glauca;Boyagin_Rock;herbfield;granite_outcrop;exposed;0.8;13.37;288.77;NA
Stypandra_glauca;Boyagin_Rock;shrubland;granite_outcrop;exposed;0.9;12.65;83.5;733.33
Stypandra_glauca;Boyagin_Rock;shrubland;granite_outcrop;exposed;1.3;14.94;71.7;615.38
Stypandra_glauca;Boyagin_Rock;shrubland;granite_outcrop;exposed;0.5;14.93;86.59;725
Stypandra_glauca;Boyagin_Rock;herbfield;granite_outcrop;exposed;1.1;22.32;98.23;611.11
Stypandra_glauca;Boyagin_Rock;shrubland;granite_outcrop;exposed;1;18.35;73.39;666.67
Stypandra_glauca;Boyagin_Rock;shrubland;granite_outcrop;exposed;1;12.35;76.54;794.87
Stypandra_glauca;Boyagin_Rock;shrubland;granite_outcrop;sheltered;0.9;14.21;48.32;739.13
Stypandra_glauca;Boyagin_Rock;shrubland;granite_outcrop;exposed;0.9;13.54;92.05;755.56
Stypandra_glauca;Boyagin_Rock;shrubland;granite_outcrop;exposed;1.1;11.33;79.33;729.17
Banksia_nobilis;Boyagin_Rock;shrubland;landscape_matrix;sheltered;2.4;3.44;1319;643.17
Banksia_nobilis;Boyagin_Rock;shrubland;landscape_matrix;sheltered;2.5;5.11;1511.15;590.65
Banksia_nobilis;Boyagin_Rock;shrubland;landscape_matrix;sheltered;3;3.9;1570.81;645.21
Banksia_nobilis;Boyagin_Rock;shrubland;landscape_matrix;sheltered;2.4;4.26;1459.21;616.13
Banksia_nobilis;Boyagin_Rock;shrubland;landscape_matrix;sheltered;3.1;4.2;3025.14;637.94
Banksia_nobilis;Boyagin_Rock;shrubland;landscape_matrix;sheltered;2.7;4.56;1808.04;621.32
Banksia_nobilis;Boyagin_Rock;shrubland;landscape_matrix;sheltered;3.2;4;2747.88;617.36
Banksia_nobilis;Boyagin_Rock;shrubland;landscape_matrix;sheltered;2.5;3.87;2728.81;612.76
Banksia_nobilis;Boyagin_Rock;shrubland;landscape_matrix;sheltered;3.2;4.37;2006.38;619.77
Banksia_nobilis;Boyagin_Rock;shrubland;landscape_matrix;sheltered;2.7;4.37;1575.37;632.32
Eucalyptus_marginata;Boyagin_Rock;shrubland;landscape_matrix;sheltered;9;5.28;2749.7;591.28
Eucalyptus_marginata;Boyagin_Rock;shrubland;landscape_matrix;sheltered;10;5.38;1730;627.15
Eucalyptus_marginata;Boyagin_Rock;shrubland;landscape_matrix;sheltered;14;5.95;1817.03;588.44
Eucalyptus_marginata;Boyagin_Rock;shrubland;landscape_matrix;sheltered;15;4.41;2874.3;605.32
Eucalyptus_marginata;Boyagin_Rock;shrubland;landscape_matrix;sheltered;7;4.44;1935.41;579.68
Eucalyptus_marginata;Boyagin_Rock;shrubland;landscape_matrix;sheltered;17;5.88;2083.69;627.7
Eucalyptus_marginata;Boyagin_Rock;shrubland;landscape_matrix;sheltered;21;5.38;2324.45;619.98
Eucalyptus_marginata;Boyagin_Rock;shrubland;landscape_matrix;sheltered;11;3.92;1891.28;653.94
Eucalyptus_marginata;Boyagin_Rock;shrubland;landscape_matrix;sheltered;16;4.9;2937.49;569.8
Eucalyptus_marginata;Boyagin_Rock;shrubland;landscape_matrix;sheltered;14;5.23;2690.05;583.92
Acacia_lasiocalyx;Mount_Caroline;shrubland;granite_outcrop;exposed;4.5;3.33;847.27;875.6
Acacia_lasiocalyx;Mount_Caroline;shrubland;granite_outcrop;exposed;2.5;2.9;698.43;843.73
Acacia_lasiocalyx;Mount_Caroline;shrubland;granite_outcrop;exposed;3.8;3.74;1056.88;753.2
Acacia_lasiocalyx;Mount_Caroline;shrubland;granite_outcrop;exposed;4;4.15;770.01;592.59
Acacia_lasiocalyx;Mount_Caroline;shrubland;granite_outcrop;exposed;5.8;4.2;869.59;625.23
Acacia_lasiocalyx;Mount_Caroline;shrubland;granite_outcrop;exposed;7;4.5;893.77;672.54
Acacia_lasiocalyx;Mount_Caroline;shrubland;granite_outcrop;exposed;3.8;3.94;988.42;688.08
Acacia_lasiocalyx;Mount_Caroline;shrubland;granite_outcrop;exposed;3.3;3.83;704.01;703.99
Acacia_lasiocalyx;Mount_Caroline;shrubland;granite_outcrop;exposed;5.2;3.66;1081.21;749.87
Acacia_lasiocalyx;Mount_Caroline;shrubland;granite_outcrop;exposed;3;3.95;753.04;740.68
Acacia_sp;Mount_Caroline;woodland;granite_outcrop;sheltered;9;4.2;265.52;868.13
Acacia_sp;Mount_Caroline;woodland;granite_outcrop;sheltered;10.5;6.78;398.93;569.77
Acacia_sp;Mount_Caroline;woodland;granite_outcrop;sheltered;12;3.44;310.59;838.59
Acacia_sp;Mount_Caroline;woodland;granite_outcrop;sheltered;10;3.37;300.59;851.15
Acacia_sp;Mount_Caroline;woodland;granite_outcrop;sheltered;7;3.95;426.05;862.4
Acacia_sp;Mount_Caroline;woodland;granite_outcrop;sheltered;6;4.29;486.17;736.98
Acacia_sp;Mount_Caroline;woodland;granite_outcrop;sheltered;7;4.39;425.08;859.68
Acacia_sp;Mount_Caroline;woodland;granite_outcrop;sheltered;10;3.87;287.26;850.92
Acacia_sp;Mount_Caroline;woodland;granite_outcrop;sheltered;8;4.85;458.15;734.06
Acacia_sp;Mount_Caroline;woodland;granite_outcrop;sheltered;6;4.66;379.3;844.4
Cheilanthes_austrotenuifolia;Mount_Caroline;shrubland;granite_outcrop;exposed;0.22;10.35;182.25;846.15
Cheilanthes_austrotenuifolia;Mount_Caroline;shrubland;granite_outcrop;exposed;0.18;36.85;243.2;750
Cheilanthes_austrotenuifolia;Mount_Caroline;shrubland;granite_outcrop;exposed;0.21;10.44;96.01;821.43
Cheilanthes_austrotenuifolia;Mount_Caroline;shrubland;granite_outcrop;exposed;0.18;60.83;389.28;780.49
Cheilanthes_austrotenuifolia;Mount_Caroline;shrubland;granite_outcrop;exposed;0.17;117.42;798.45;829.27
Cheilanthes_austrotenuifolia;Mount_Caroline;shrubland;granite_outcrop;exposed;0.06;11.72;110.16;870.37
Cheilanthes_austrotenuifolia;Mount_Caroline;shrubland;granite_outcrop;exposed;0.19;20.44;118.55;852.94
Cheilanthes_austrotenuifolia;Mount_Caroline;herbfield;granite_outcrop;exposed;0.1;9.38;71.31;655.17
Cheilanthes_austrotenuifolia;Mount_Caroline;herbfield;granite_outcrop;exposed;0.18;18.64;197.56;841.27
Cheilanthes_austrotenuifolia;Mount_Caroline;herbfield;granite_outcrop;exposed;0.13;26.14;135.94;896.55
Eucalyptus_loxophleba;Mount_Caroline;woodland;granite_outcrop;sheltered;12.5;3.88;1492.85;687.37
Eucalyptus_loxophleba;Mount_Caroline;woodland;granite_outcrop;sheltered;12;3.83;1470.87;589.97
Eucalyptus_loxophleba;Mount_Caroline;woodland;granite_outcrop;sheltered;19.5;3.67;2642.48;724.55
Eucalyptus_loxophleba;Mount_Caroline;woodland;granite_outcrop;sheltered;20;4.63;1758.07;692.59
Eucalyptus_loxophleba;Mount_Caroline;woodland;granite_outcrop;sheltered;12;4.79;1714.13;733.39
Eucalyptus_loxophleba;Mount_Caroline;woodland;granite_outcrop;sheltered;24;4.13;3316.39;691.98
Eucalyptus_loxophleba;Mount_Caroline;woodland;granite_outcrop;sheltered;18.5;4.15;1287.69;864.55
Eucalyptus_loxophleba;Mount_Caroline;woodland;granite_outcrop;sheltered;14;4.14;2092.89;812.46
Eucalyptus_loxophleba;Mount_Caroline;woodland;granite_outcrop;sheltered;10.5;3.85;2204.82;787.68
Eucalyptus_loxophleba;Mount_Caroline;woodland;granite_outcrop;sheltered;12;3.42;1985.15;740.74
Kunzea_pulchella;Mount_Caroline;shrubland;granite_outcrop;exposed;2.7;3.65;97.07;863.64
Kunzea_pulchella;Mount_Caroline;shrubland;granite_outcrop;exposed;2.3;3.11;101.52;787.44
Kunzea_pulchella;Mount_Caroline;shrubland;granite_outcrop;exposed;2.3;4.55;92.73;796.88
Kunzea_pulchella;Mount_Caroline;shrubland;granite_outcrop;exposed;1.8;4.13;100.02;883.21
Kunzea_pulchella;Mount_Caroline;shrubland;granite_outcrop;exposed;2.1;4.5;116.98;884.35
Kunzea_pulchella;Mount_Caroline;shrubland;granite_outcrop;exposed;1.3;3.31;72.71;873.02
Kunzea_pulchella;Mount_Caroline;shrubland;granite_outcrop;exposed;1.6;4.12;70.07;876.29
Kunzea_pulchella;Mount_Caroline;shrubland;granite_outcrop;exposed;1.9;3.46;104.37;883.04
Kunzea_pulchella;Mount_Caroline;shrubland;granite_outcrop;exposed;3;4.49;91.56;886.96
Kunzea_pulchella;Mount_Caroline;shrubland;granite_outcrop;exposed;2.3;4.74;104.26;901.64
Acacia_lasiocalyx;Kokerbin_Rock;shrubland;granite_outcrop;exposed;2.8;4.52;739.14;583.87
Acacia_lasiocalyx;Kokerbin_Rock;shrubland;granite_outcrop;exposed;3.9;4.04;1279.36;641.26
Acacia_lasiocalyx;Kokerbin_Rock;shrubland;granite_outcrop;exposed;3.65;4.57;759.39;635.32
Acacia_lasiocalyx;Kokerbin_Rock;shrubland;granite_outcrop;exposed;4;3.61;864.95;564.77
Acacia_lasiocalyx;Kokerbin_Rock;shrubland;granite_outcrop;exposed;5.5;3.56;711.88;737.66
Acacia_lasiocalyx;Kokerbin_Rock;shrubland;granite_outcrop;sheltered;12;3.43;588.81;778.58
Acacia_lasiocalyx;Kokerbin_Rock;shrubland;granite_outcrop;exposed;6;3.48;881.03;825.29
Acacia_lasiocalyx;Kokerbin_Rock;shrubland;granite_outcrop;exposed;4.5;3.17;998.29;771.79
Acacia_lasiocalyx;Kokerbin_Rock;shrubland;granite_outcrop;exposed;9;3.9;860.2;722.15
Acacia_lasiocalyx;Kokerbin_Rock;shrubland;granite_outcrop;exposed;7.3;4.42;1296.32;726.82
Acacia_lasiocalyx;Kokerbin_Rock;woodland;granite_outcrop;sheltered;15;4.12;1087.88;629.17
Acacia_lasiocalyx;Kokerbin_Rock;woodland;granite_outcrop;sheltered;10.5;3.54;689.18;868.87
Acacia_lasiocalyx;Kokerbin_Rock;woodland;granite_outcrop;sheltered;5;5.63;1066.97;609.79
Acacia_lasiocalyx;Kokerbin_Rock;woodland;granite_outcrop;sheltered;11;3.85;773.62;772.66
Acacia_lasiocalyx;Kokerbin_Rock;woodland;granite_outcrop;sheltered;11;3.96;1133.81;674.84
Cheilanthes_austrotenuifolia;Kokerbin_Rock;shrubland;granite_outcrop;exposed;0.14;4.39;75.58;851.49
Cheilanthes_austrotenuifolia;Kokerbin_Rock;shrubland;granite_outcrop;exposed;0.14;17.94;78.92;785.71
Cheilanthes_austrotenuifolia;Kokerbin_Rock;herbfield;granite_outcrop;exposed;0.2;18.17;279.84;719.63
Cheilanthes_austrotenuifolia;Kokerbin_Rock;shrubland;granite_outcrop;exposed;0.4;21.46;545.2;765.06
Cheilanthes_austrotenuifolia;Kokerbin_Rock;shrubland;granite_outcrop;exposed;0.25;85.18;1328.83;838.71
Cheilanthes_austrotenuifolia;Kokerbin_Rock;shrubland;granite_outcrop;exposed;0.32;24.75;925.54;831.11
Cheilanthes_austrotenuifolia;Kokerbin_Rock;herbfield;granite_outcrop;exposed;0.24;22.61;343.63;873.56
Cheilanthes_austrotenuifolia;Kokerbin_Rock;herbfield;granite_outcrop;exposed;0.08;9.03;149.85;813.73
Cheilanthes_austrotenuifolia;Kokerbin_Rock;shrubland;granite_outcrop;exposed;0.14;58.94;377.21;780.49
Cheilanthes_austrotenuifolia;Kokerbin_Rock;shrubland;granite_outcrop;exposed;0.15;41.47;348.36;875
Eucalyptus_loxophleba;Kokerbin_Rock;woodland;granite_outcrop;sheltered;19;3.86;2472.77;734.13
Eucalyptus_loxophleba;Kokerbin_Rock;woodland;granite_outcrop;sheltered;10;3.57;2202.72;725.01
Eucalyptus_loxophleba;Kokerbin_Rock;woodland;granite_outcrop;sheltered;9;3.42;1862.48;842.82
Eucalyptus_loxophleba;Kokerbin_Rock;woodland;granite_outcrop;sheltered;18;4.21;2293.48;672.43
Eucalyptus_loxophleba;Kokerbin_Rock;woodland;granite_outcrop;sheltered;26;4.2;2453.55;686.75
Kunzea_pulchella;Kokerbin_Rock;shrubland;granite_outcrop;sheltered;2.1;3.52;66.1;661.97
Kunzea_pulchella;Kokerbin_Rock;shrubland;granite_outcrop;sheltered;2.7;3.69;166.72;653.18
Kunzea_pulchella;Kokerbin_Rock;shrubland;granite_outcrop;exposed;1.45;3.69;78.25;841.27
Kunzea_pulchella;Kokerbin_Rock;shrubland;granite_outcrop;exposed;1.8;3.15;80.12;824.68
Kunzea_pulchella;Kokerbin_Rock;shrubland;granite_outcrop;exposed;2.3;3.79;61.37;801.98
Kunzea_pulchella;Kokerbin_Rock;shrubland;granite_outcrop;exposed;1.9;3.71;117.94;760.77
Kunzea_pulchella;Kokerbin_Rock;shrubland;granite_outcrop;exposed;2.3;4.25;120.62;820.81
Kunzea_pulchella;Kokerbin_Rock;shrubland;granite_outcrop;exposed;4.5;4.02;98.8;814.57
Kunzea_pulchella;Kokerbin_Rock;shrubland;granite_outcrop;exposed;2.65;3.48;124.48;752.1
Kunzea_pulchella;Kokerbin_Rock;shrubland;granite_outcrop;sheltered;1.95;4.51;70.31;876.4
Stypandra_glauca;Kokerbin_Rock;shrubland;granite_outcrop;sheltered;0.9;17.89;293.43;554.05
Stypandra_glauca;Kokerbin_Rock;shrubland;granite_outcrop;sheltered;0.85;15.26;192.23;807.69
Stypandra_glauca;Kokerbin_Rock;shrubland;granite_outcrop;sheltered;0.6;13.24;164.21;704.55
Stypandra_glauca;Kokerbin_Rock;shrubland;granite_outcrop;exposed;0.75;13.14;112.97;682.54
Stypandra_glauca;Kokerbin_Rock;shrubland;granite_outcrop;sheltered;1.3;7.84;125.41;761.9
Stypandra_glauca;Kokerbin_Rock;shrubland;granite_outcrop;exposed;0.5;14.86;205.13;589.74
Stypandra_glauca;Kokerbin_Rock;shrubland;granite_outcrop;exposed;0.8;14.06;213.74;644.07
Stypandra_glauca;Kokerbin_Rock;shrubland;granite_outcrop;exposed;0.35;14.91;402.54;741.76
Stypandra_glauca;Kokerbin_Rock;shrubland;granite_outcrop;sheltered;0.8;18.79;120.27;780.49
Stypandra_glauca;Kokerbin_Rock;shrubland;granite_outcrop;sheltered;0.85;16.27;237.52;688.68
Stypandra_glauca;Kokerbin_Rock;herbfield;granite_outcrop;sheltered;0.9;18.75;86.25;676.47
Acacia_lasiocalyx;Sandford_Rocks;woodland;granite_outcrop;sheltered;3.5;3.08;978.19;531.26
Acacia_lasiocalyx;Sandford_Rocks;woodland;granite_outcrop;sheltered;12;4.31;793.72;529.92
Acacia_lasiocalyx;Sandford_Rocks;woodland;granite_outcrop;sheltered;7.5;4.15;820.97;534.05
Acacia_lasiocalyx;Sandford_Rocks;woodland;granite_outcrop;sheltered;6;2.53;877.93;650.41
Acacia_lasiocalyx;Sandford_Rocks;woodland;granite_outcrop;sheltered;9;3.51;1060.67;522.08
Acacia_lasiocalyx;Sandford_Rocks;woodland;granite_outcrop;sheltered;8;2.95;1163.12;601.22
Acacia_lasiocalyx;Sandford_Rocks;woodland;granite_outcrop;sheltered;8;3.56;923.79;535.51
Acacia_lasiocalyx;Sandford_Rocks;woodland;granite_outcrop;sheltered;7;3.16;862.64;544.33
Acacia_lasiocalyx;Sandford_Rocks;woodland;granite_outcrop;sheltered;6;3.72;802.64;472.62
Acacia_lasiocalyx;Sandford_Rocks;woodland;granite_outcrop;sheltered;8;3.36;1305.03;563.23
Cheilanthes_austrotenuifolia;Sandford_Rocks;shrubland;granite_outcrop;exposed;0.4;3.27;139.39;914.16
Cheilanthes_austrotenuifolia;Sandford_Rocks;shrubland;granite_outcrop;sheltered;0.3;3.76;76.72;879.31
Cheilanthes_austrotenuifolia;Sandford_Rocks;shrubland;granite_outcrop;sheltered;0.25;4.98;74.64;872.09
Cheilanthes_austrotenuifolia;Sandford_Rocks;shrubland;granite_outcrop;sheltered;0.35;7.98;157.94;773.44
Cheilanthes_austrotenuifolia;Sandford_Rocks;shrubland;granite_outcrop;sheltered;0.35;5.04;144.25;871.95
Cheilanthes_austrotenuifolia;Sandford_Rocks;herbfield;granite_outcrop;exposed;0.25;6.6;46.18;760.87
Cheilanthes_austrotenuifolia;Sandford_Rocks;herbfield;granite_outcrop;exposed;0.3;5.23;180.07;893.51
Cheilanthes_austrotenuifolia;Sandford_Rocks;herbfield;granite_outcrop;sheltered;0.28;2.3;68.66;856.32
Cheilanthes_austrotenuifolia;Sandford_Rocks;herbfield;granite_outcrop;sheltered;0.3;6.06;127.21;813.95
Cheilanthes_austrotenuifolia;Sandford_Rocks;shrubland;granite_outcrop;exposed;0.15;4.54;82.57;858.49
Dodonaea_viscosa;Sandford_Rocks;shrubland;granite_outcrop;sheltered;1.4;3.41;89.34;891.16
Dodonaea_viscosa;Sandford_Rocks;shrubland;granite_outcrop;sheltered;1.3;3.98;82.01;710.34
Dodonaea_viscosa;Sandford_Rocks;shrubland;granite_outcrop;exposed;1.5;3.71;80.21;729.73
Dodonaea_viscosa;Sandford_Rocks;shrubland;granite_outcrop;exposed;0.9;3.98;77.27;659.86
Dodonaea_viscosa;Sandford_Rocks;shrubland;granite_outcrop;sheltered;1.5;4.16;69.1;747.75
Dodonaea_viscosa;Sandford_Rocks;shrubland;granite_outcrop;sheltered;1.2;4.09;54.02;578.95
Dodonaea_viscosa;Sandford_Rocks;shrubland;granite_outcrop;exposed;1.4;3.9;78.05;680.27
Dodonaea_viscosa;Sandford_Rocks;shrubland;granite_outcrop;sheltered;1.4;4.59;124.04;610.86
Dodonaea_viscosa;Sandford_Rocks;shrubland;granite_outcrop;exposed;1;4.31;104.31;555.05
Dodonaea_viscosa;Sandford_Rocks;shrubland;granite_outcrop;exposed;1.5;4.4;106.49;640.21
Kunzea_pulchella;Sandford_Rocks;shrubland;granite_outcrop;exposed;2.7;4.87;79.91;854.17
Kunzea_pulchella;Sandford_Rocks;shrubland;granite_outcrop;exposed;2.7;3.56;91.14;825.81
Kunzea_pulchella;Sandford_Rocks;shrubland;granite_outcrop;sheltered;3.5;3.23;64.69;900.9
Kunzea_pulchella;Sandford_Rocks;shrubland;granite_outcrop;sheltered;2.1;4.39;51.81;867.65
Kunzea_pulchella;Sandford_Rocks;shrubland;granite_outcrop;exposed;1.5;5.49;88.98;757.01
Kunzea_pulchella;Sandford_Rocks;shrubland;granite_outcrop;exposed;1.8;3.76;94.11;811.69
Kunzea_pulchella;Sandford_Rocks;shrubland;granite_outcrop;exposed;2.6;3.61;98.23;877.42
Kunzea_pulchella;Sandford_Rocks;shrubland;granite_outcrop;exposed;1.8;4.36;54.13;794.87
Kunzea_pulchella;Sandford_Rocks;shrubland;granite_outcrop;exposed;1.9;2.8;71.03;888.11
Kunzea_pulchella;Sandford_Rocks;shrubland;granite_outcrop;sheltered;2.7;3.6;84.3;835.71
Santalum_acuminatum;Sandford_Rocks;woodland;granite_outcrop;sheltered;3.8;2.16;616.7;569.1
Santalum_acuminatum;Sandford_Rocks;woodland;granite_outcrop;sheltered;3.5;1.91;469.05;859.15
Santalum_acuminatum;Sandford_Rocks;woodland;granite_outcrop;sheltered;5;2.22;570.34;512.16
Santalum_acuminatum;Sandford_Rocks;woodland;granite_outcrop;sheltered;8.5;;;
Santalum_acuminatum;Sandford_Rocks;woodland;granite_outcrop;sheltered;5.5;2.12;491.16;473
Santalum_acuminatum;Sandford_Rocks;woodland;granite_outcrop;sheltered;5.5;3.07;565.34;583.39
Santalum_acuminatum;Sandford_Rocks;woodland;granite_outcrop;sheltered;3.5;2.26;475.73;605.99
Santalum_acuminatum;Sandford_Rocks;woodland;granite_outcrop;sheltered;2.1;2.53;533.92;647.42
Santalum_acuminatum;Sandford_Rocks;woodland;granite_outcrop;sheltered;3.15;2.25;348.48;557.87
Santalum_acuminatum;Sandford_Rocks;woodland;granite_outcrop;sheltered;3.6;2.03;818.36;644.69
Stypandra_glauca;Sandford_Rocks;shrubland;granite_outcrop;sheltered;1.2;9.56;107.13;700
Stypandra_glauca;Sandford_Rocks;shrubland;granite_outcrop;exposed;0.85;11.51;434.91;790.79
Stypandra_glauca;Sandford_Rocks;shrubland;granite_outcrop;sheltered;0.6;11.12;73.36;846.15
Stypandra_glauca;Sandford_Rocks;shrubland;granite_outcrop;sheltered;0.9;14.09;236.64;641.22
Stypandra_glauca;Sandford_Rocks;shrubland;granite_outcrop;sheltered;0.8;10.02;92.14;766.67
Stypandra_glauca;Sandford_Rocks;shrubland;granite_outcrop;sheltered;0.75;13.48;299.2;770.83
Stypandra_glauca;Sandford_Rocks;shrubland;granite_outcrop;exposed;0.9;16.68;273.58;635.66
Stypandra_glauca;Sandford_Rocks;herbfield;granite_outcrop;exposed;1.1;9.69;71.69;711.54
Stypandra_glauca;Sandford_Rocks;shrubland;granite_outcrop;exposed;0.55;7.31;68.73;671.43
Stypandra_glauca;Sandford_Rocks;herbfield;granite_outcrop;sheltered;1.1;7.74;162.64;734.27
Eucalyptus_salmonophloia;Sandford_Rocks;woodland;landscape_matrix;sheltered;14;3.391934875;1437.5;715.64
Eucalyptus_salmonophloia;Sandford_Rocks;woodland;landscape_matrix;sheltered;7;3.731774246;2277.88;695.22
Eucalyptus_salmonophloia;Sandford_Rocks;woodland;landscape_matrix;sheltered;8;3.22530777;1278.51;737.35
Eucalyptus_salmonophloia;Sandford_Rocks;woodland;landscape_matrix;sheltered;7.5;3.185226604;2164.68;750.77
Eucalyptus_salmonophloia;Sandford_Rocks;woodland;landscape_matrix;sheltered;9;3.627773527;948.3;669.57
Santalum_acuminatum;Sandford_Rocks;woodland;landscape_matrix;sheltered;3;2.046900093;438.45;530.72
Santalum_acuminatum;Sandford_Rocks;woodland;landscape_matrix;sheltered;2.8;2.356875;520.4;470.39
Santalum_acuminatum;Sandford_Rocks;woodland;landscape_matrix;sheltered;2.7;2.065860625;542.5;575.37
Santalum_acuminatum;Sandford_Rocks;woodland;landscape_matrix;sheltered;2.5;2.940693069;1009.83;418.78
Santalum_acuminatum;Sandford_Rocks;woodland;landscape_matrix;sheltered;2.5;2.510366017;747.59;514.69
Santalum_acuminatum;Sandford_Rocks;woodland;landscape_matrix;sheltered;2.7;2.007447581;497.85;454.88
Santalum_acuminatum;Sandford_Rocks;woodland;landscape_matrix;sheltered;2.6;2.052304104;440.01;523.95
Santalum_acuminatum;Sandford_Rocks;woodland;landscape_matrix;sheltered;4.5;2.123018359;393.18;717.83
Santalum_acuminatum;Sandford_Rocks;woodland;landscape_matrix;sheltered;2;2.71239645;366.72;555.46
Santalum_acuminatum;Sandford_Rocks;woodland;landscape_matrix;sheltered;2.9;2.18703861;566.44;404.43
Santalum_spicatum;Sandford_Rocks;shrubland;landscape_matrix;sheltered;2;2.913523585;617.67;715.25
Santalum_spicatum;Sandford_Rocks;shrubland;landscape_matrix;sheltered;2.8;2.480563041;515.46;841.98
Santalum_spicatum;Sandford_Rocks;shrubland;landscape_matrix;sheltered;4;2.199732247;377.91;601.96
Santalum_spicatum;Sandford_Rocks;shrubland;landscape_matrix;sheltered;3.2;2.146818182;623.44;449.12
Santalum_spicatum;Sandford_Rocks;shrubland;landscape_matrix;sheltered;1.9;2.493291485;456.77;658.52
Santalum_spicatum;Sandford_Rocks;shrubland;landscape_matrix;sheltered;1.5;2.288921303;337.39;690.72
Santalum_spicatum;Sandford_Rocks;shrubland;landscape_matrix;sheltered;1.9;2.035475336;453.91;699.5
Santalum_spicatum;Sandford_Rocks;shrubland;landscape_matrix;sheltered;1.8;3.036504024;603.66;637.18
Santalum_spicatum;Sandford_Rocks;shrubland;landscape_matrix;sheltered;1.4;2.661820298;571.76;649.73
Santalum_spicatum;Sandford_Rocks;shrubland;landscape_matrix;sheltered;2.4;2.467457542;493.99;707.92
Santalum_spicatum;Sandford_Rocks;shrubland;landscape_matrix;sheltered;1.3;2.554048951;365.23;690.15
Santalum_spicatum;Sandford_Rocks;shrubland;landscape_matrix;sheltered;2.1;3.075152;384.39;698.32
Santalum_spicatum;Sandford_Rocks;shrubland;landscape_matrix;sheltered;2.1;2.926918679;460.7;701.43
